Series_Mbl,Circle
9999,DEL
9998,GUJ
9997,UPW
9996,HAR
9995,KER
9994,ROTN
9993,MPR
9992,HAR
9991,HAR
9990,DEL
9989,APR
9988,PUN
9987,MUM
9986,KAR
9985,APR
9984,UPE
9983,RAJ
9982,RAJ
9981,MPR
9980,KAR
9979,GUJ
9978,GUJ
9977,MPR
9976,ROTN
9975,MAG
9974,GUJ
9973,BHR
9972,KAR
9971,DEL
9970,MAG
9969,MUM
9968,DEL
9967,MUM
9966,APR
9965,ROTN
9964,KAR
9963,APR
9962,CHN
9961,KER
9960,MAG
9959,APR
9958,DEL
9957,ASM
9956,UPE
9955,BHR
9954,ASM
9953,DEL
9952,ROTN
9951,APR
9950,RAJ
9949,APR
9948,APR
9947,KER
9946,KER
9945,KAR
9944,ROTN
9943,ROTN
9942,ROTN
9941,ROTN
9940,CHN
9939,BHR
9938,ORS
9937,ORS
9936,UPE
9935,UPE
9934,BHR
9933,ROB
9932,ROB
9931,BHR
9930,MUM
9929,RAJ
9928,RAJ
9927,UPW
9926,MPR
9925,GUJ
9924,GUJ
9923,MAG
9922,MAG
9921,MAG
9920,MUM
9919,UPE
9918,UPE
9917,UPW
9916,KAR
9915,PUN
9914,PUN
9913,GUJ
9912,APR
9911,DEL
9910,DEL
9909,GUJ
9908,APR
9907,MPR
9906,JNK
9905,BHR
9904,GUJ
9903,KOL
9902,KAR
9901,KAR
9900,KAR
9899,DEL
9898,GUJ
9897,UPW
9896,HAR
9895,KER
9894,ROTN
9893,MPR
9892,MUM
9891,DEL
9890,MAG
9889,UPE
9888,PUN
9887,RAJ
9886,KAR
9885,APR
9884,CHN
9883,KOL
9882,HP
9881,MAG
9880,KAR
9879,GUJ
9878,PUN
9877,PUN
9876,PUN
9875,RAJ
9874,KOL
9873,DEL
9872,PUN
9871,DEL
9870,MUM
9869,MUM
9868,DEL
9867,MUM
9866,APR
9865,ROTN
9864,ASM
9863,NE
9862,NE
9861,ORS
9860,MAG
9859,ASM
9858,JNK
9857,HP
9856,NE
9855,PUN
9854,ASM
9853,ORS
9852,BHR
9851,ROB
9850,MAG
9849,APR
9848,APR
9847,KER
9846,KER
9845,KAR
9844,KAR
9843,ROTN
9842,ROTN
9841,ROTN
9840,CHN
9839,UPE
9838,UPE
9837,UPW
9836,KOL
9835,BHR
9834,MAG
9833,MUM
9832,ROB
9831,KOL
9830,KOL
9829,RAJ
9828,RAJ
9827,MPR
9826,MPR
9825,GUJ
9824,GUJ
9823,MAG
9822,MAG
9821,MUM
9820,MUM
9819,MUM
9818,DEL
9817,HAR
9816,HP
9815,PUN
9814,PUN
9813,HAR
9812,HAR
9811,DEL
9810,DEL
9809,KER
9808,UPW
9807,UPE
9806,MPR
9805,HP
9804,KOL
9803,PUN
9802,HAR
9801,BHR
9800,ROB
9799,RAJ
9798,BHR
9797,JNK
9796,JNK
9795,UPE
9794,UPE
9793,UPE
9792,UPE
9791,ROTN
9790,ROTN
9789,ROTN
9788,ROTN
9787,ROTN
9786,ROTN
9785,RAJ
9784,RAJ
9783,RAJ
9782,RAJ
9781,PUN
9780,PUN
9779,PUN
9778,ORS
9777,ORS
9776,ORS
9775,ROB
9774,NE
9773,MUM
9772,RAJ
9771,BHR
9770,MPR
9769,MUM
9768,MUM
9767,MAG
9766,MAG
9765,MAG
9764,MAG
9763,MAG
9762,MAG
9761,UPW
9760,UPW
9759,UPW
9758,UPW
9757,MUM
9756,UPW
9755,MPR
9754,MPR
9753,MPR
9752,MPR
9751,ROTN
9750,ROTN
9749,ROB
9748,KOL
9747,KER
9746,KER
9745,KER
9744,KER
9743,KAR
9742,KAR
9741,KAR
9740,KAR
9739,KAR
9738,KAR
9737,GUJ
9736,HP
9735,ROB
9734,ROB
9733,ROB
9732,ROB
9731,KAR
9730,MAG
9729,HAR
9728,HAR
9727,GUJ
9726,GUJ
9725,GUJ
9724,GUJ
9723,GUJ
9722,GUJ
9721,UPE
9720,UPW
9719,UPW
9718,DEL
9717,DEL
9716,DEL
9715,ROTN
9714,GUJ
9713,MPR
9712,GUJ
9711,DEL
9710,ROTN
9709,BHR
9708,BHR
9707,ASM
9706,ASM
9705,APR
9704,APR
9703,APR
9702,MUM
9701,APR
9700,APR
9699,MUM
9698,ROTN
9697,JNK
9696,UPE
9695,UPE
9694,RAJ
9693,BHR
9692,ORS
9691,MPR
9690,UPW
9689,MAG
9688,ROTN
9687,GUJ
9686,KAR
9685,MPR
9684,MAG
9683,HAR
9682,JNK
9681,KOL
9680,RAJ
9679,ROB
9678,ASM
9677,ROTN
9676,APR
9675,UPW
9674,KOL
9673,MAG
9672,RAJ
9671,HAR
9670,UPE
9669,MPR
9668,ORS
9667,RAJ
9666,APR
9665,MAG
9664,RAJ
9663,KAR
9662,GUJ
9661,BHR
9660,RAJ
9659,ROTN
9658,ORS
9657,MAG
9656,KER
9655,ROTN
9654,DEL
9653,MUM
9652,APR
9651,UPE
9650,DEL
9649,RAJ
9648,UPE
9647,ROB
9646,PUN
9645,KER
9644,MPR
9643,DEL
9642,APR
9641,ROB
9640,APR
9639,UPW
9638,GUJ
9637,MAG
9636,RAJ
9635,ROB
9634,UPW
9633,KER
9632,KAR
9631,BHR
9630,MPR
9629,ROTN
9628,UPE
9627,UPW
9626,ROTN
9625,DEL
9624,GUJ
9623,MAG
9622,JNK
9621,UPE
9620,KAR
9619,MUM
9618,APR
9617,MPR
9616,UPE
9615,NE
9614,ROB
9613,ASM
9612,NE
9611,KAR
9610,RAJ
9609,ROB
9608,BHR
9607,MAG
9606,KAR
9605,KER
9604,MAG
9603,APR
9602,RAJ
9601,GUJ
9600,ROTN
9599,DEL
9598,UPE
9597,ROTN
9596,JNK
9595,MAG
9594,MUM
9593,ROB
9592,PUN
9591,KAR
9590,KAR
9589,MPR
9588,RAJ
9587,RAJ
9586,GUJ
9585,ROTN
9584,MPR
9583,ORS
9582,DEL
9581,APR
9580,UPE
9579,MAG
9578,ROTN
9577,ASM
9576,BHR
9575,MPR
9574,GUJ
9573,APR
9572,BHR
9571,RAJ
9570,BHR
9569,PUN
9568,UPW
9567,KER
9566,ROTN
9565,UPE
9564,ROB
9563,ROB
9562,KER
9561,MAG
9560,DEL
9559,UPE
9558,GUJ
9557,UPW
9556,ORS
9555,DEL
9554,UPE
9553,APR
9552,MAG
9551,ROTN
9550,APR
9549,RAJ
9548,UPW
9547,ROB
9546,BHR
9545,MAG
9544,KER
9543,ROTN
9542,APR
9541,HAR
9540,DEL
9539,KER
9538,KAR
9537,GUJ
9536,UPW
9535,KAR
9534,BHR
9533,APR
9532,UPE
9531,ROB
9530,RAJ
9529,RAJ
9528,UPW
9527,MAG
9526,KER
9525,BHR
9524,ROTN
9523,BHR
9522,MPR
9521,RAJ
9520,UPW
9519,UPE
9518,HAR
9517,UPE
9516,MPR
9515,APR
9514,ROTN
9513,KAR
9512,GUJ
9511,MAG
9510,GUJ
9509,RAJ
9508,ASM
9507,BHR
9506,UPE
9505,APR
9504,BHR
9503,MAG
9502,APR
9501,PUN
9500,ROTN
9499,HAR
9498,CHN
9497,KER
9496,KER
9495,KER
9494,APR
9493,APR
9492,APR
9491,APR
9490,APR
9489,ROTN
9488,ROTN
9487,ROTN
9486,ROTN
9485,NE
9484,GUJ
9483,KAR
9482,KAR
9481,KAR
9480,KAR
9479,MPR
9478,PUN
9477,KOL
9476,ROB
9475,ROB
9474,ROB
9473,BHR
9472,BHR
9471,BHR
9470,BHR
9469,JNK
9468,RAJ
9467,HAR
9466,HAR
9465,PUN
9464,PUN
9463,PUN
9462,RAJ
9461,RAJ
9460,RAJ
9459,HP
9458,UPW
9457,UPW
9456,UPW
9455,UPE
9454,UPE
9453,UPE
9452,UPE
9451,UPE
9450,UPE
9449,KAR
9448,KAR
9447,KER
9446,KER
9445,CHN
9444,ROTN
9443,ROTN
9442,ROTN
9441,APR
9440,APR
9439,ORS
9438,ORS
9437,ORS
9436,NE
9435,ASM
9434,ROB
9433,KOL
9432,KOL
9431,BHR
9430,BHR
9429,GUJ
9428,GUJ
9427,GUJ
9426,GUJ
9425,MPR
9424,MPR
9423,MAG
9422,MAG
9421,MAG
9420,MAG
9419,JNK
9418,HP
9417,PUN
9416,HAR
9415,UPE
9414,RAJ
9413,RAJ
9412,UPW
9411,UPW
9410,UPW
9409,GUJ
9408,GUJ
9407,MPR
9406,MPR
9405,MAG
9404,MAG
9403,MAG
9402,NE
9401,ASM
9400,KER
9399,MPR
9398,APR
9397,APR
9396,APR
9395,APR
9394,APR
9393,APR
9392,APR
9391,APR
9390,APR
9389,UPE
9388,KER
9387,KER
9386,BHR
9385,ROTN
9384,ROTN
9383,ROTN
9382,ROB
9381,APR
9380,KAR
9379,KAR
9378,ROB
9377,GUJ
9376,GUJ
9375,GUJ
9374,GUJ
9373,MAG
9372,MAG
9371,MAG
9370,MAG
9369,UPE
9368,UPW
9367,ROTN
9366,NE
9365,ASM
9364,ROTN
9363,ROTN
9362,ROTN
9361,ROTN
9360,ROTN
9359,UPW
9358,UPW
9357,PUN
9356,PUN
9355,HAR
9354,DEL
9353,KAR
9352,RAJ
9351,RAJ
9350,DEL
9349,KER
9348,ORS
9347,APR
9346,APR
9345,ROTN
9344,ROTN
9343,KAR
9342,KAR
9341,KAR
9340,MPR
9339,KOL
9338,ORS
9337,ORS
9336,UPE
9335,UPE
9334,BHR
9333,ROB
9332,ROB
9331,KOL
9330,KOL
9329,MPR
9328,GUJ
9327,GUJ
9326,MUM
9325,MAG
9324,MUM
9323,MUM
9322,MUM
9321,MUM
9320,MUM
9319,UPW
9318,DEL
9317,PUN
9316,PUN
9315,DEL
9314,RAJ
9313,DEL
9312,DEL
9311,DEL
9310,DEL
9309,MAG
9308,BHR
9307,UPE
9306,HAR
9305,UPE
9304,BHR
9303,MPR
9302,MPR
9301,MPR
9300,MPR
9299,APR
9298,APR
9297,BHR
9296,APR
9295,APR
9294,MPR
9293,APR
9292,APR
9291,APR
9290,APR
9289,DEL
9288,KER
9287,KER
9286,UPW
9285,MPR
9284,MAG
9283,ROTN
9282,ROTN
9281,CHN
9280,ROTN
9279,BHR
9278,DEL
9277,GUJ
9276,GUJ
9275,GUJ
9274,GUJ
9273,MAG
9272,MAG
9271,MAG
9270,MAG
9269,RAJ
9268,DEL
9267,DEL
9266,DEL
9265,GUJ
9264,BHR
9263,BHR
9262,BHR
9261,RAJ
9260,MAG
9259,UPW
9258,UPW
9257,PUN
9256,PUN
9255,HAR
9254,HAR
9253,HAR
9252,RAJ
9251,RAJ
9250,DEL
9249,KER
9248,APR
9247,APR
9246,APR
9245,ROTN
9244,ROTN
9243,KAR
9242,KAR
9241,KAR
9240,CHN
9239,KOL
9238,ORS
9237,ORS
9236,UPE
9235,UPE
9234,BHR
9233,ROB
9232,ROB
9231,KOL
9230,KOL
9229,MPR
9228,GUJ
9227,GUJ
9226,MAG
9225,MAG
9224,MUM
9223,MUM
9222,MUM
9221,MUM
9220,MUM
9219,UPW
9218,HP
9217,PUN
9216,PUN
9215,HAR
9214,RAJ
9213,DEL
9212,DEL
9211,DEL
9210,DEL
9209,MAG
9208,UPE
9207,KER
9206,KAR
9205,DEL
9204,BHR
9203,MPR
9202,MPR
9201,MPR
9200,MPR
9199,BHR
9198,UPE
9197,ROB
9196,UPE
9195,ROTN
9194,RAJ
9193,UPW
9192,ORS
9191,NE
9190,MPR
9189,KOL
9188,KER
9187,KAR
9186,JNK
9185,HP
9184,GUJ
9183,CHN
9182,APR
9181,ASM
9180,APR
9179,MPR
9178,ORS
9177,APR
9176,CHN
9175,MAG
9174,MPR
9173,GUJ
9172,MAG
9171,MPR
9170,UPE
9169,UPE
9168,MAG
9167,MUM
9166,RAJ
9165,MPR
9164,KAR
9163,KOL
9162,BHR
9161,UPE
9160,APR
9159,ROTN
9158,MAG
9157,GUJ
9156,MAG
9155,BHR
9154,APR
9153,ROB
9152,MUM
9151,UPE
9150,ROTN
9149,JNK
9148,KAR
9147,KOL
9146,MAG
9145,MAG
9144,MPR
9143,KOL
9142,KER
9141,KAR
9140,UPE
9139,MAG
9138,HAR
9137,MUM
9136,MUM
9135,BHR
9134,ROB
9133,APR
9132,ASM
9131,MPR
9130,MAG
9129,UPE
9128,BHR
9127,ASM
9126,ROB
9125,UPE
9124,ORS
9123,KOL
9122,BHR
9121,APR
9120,UPE
9119,RAJ
9118,UPE
9117,BHR
9116,RAJ
9115,PUN
9114,ORS
9113,BHR
9112,MAG
9111,MPR
9110,BHR
9109,MPR
9108,KAR
9107,JNK
9106,GUJ
9105,UPW
9104,GUJ
9103,JNK
9102,BHR
9101,ASM
9100,APR
9099,GUJ
9098,MPR
9097,BHR
9096,MAG
9095,ROTN
9094,ROTN
9093,ROB
9092,ROTN
9091,ROB
9090,ORS
9089,NE
9088,KOL
9087,ROTN
9086,JNK
9085,ASM
9084,UPW
9083,ROB
9082,MUM
9081,GUJ
9080,ROTN
9079,RAJ
9078,ORS
9077,NE
9076,MUM
9075,MAG
9074,KER
9073,KOL
9072,KER
9071,KAR
9070,JNK
9069,DEL
9068,UPW
9067,MAG
9066,KAR
9065,BHR
9064,ROB
9063,APR
9062,KOL
9061,KER
9060,BHR
9059,APR
9058,UPW
9057,RAJ
9056,PUN
9055,JNK
9054,GUJ
9053,HAR
9052,APR
9051,KOL
9050,HAR
9049,MAG
9048,KER
9047,ROTN
9046,ROB
9045,UPW
9044,UPE
9043,ROTN
9042,ROTN
9041,PUN
9040,ORS
9039,MPR
9038,KOL
9037,KER
9036,KAR
9035,KAR
9034,HAR
9033,GUJ
9032,APR
9031,BHR
9030,APR
9029,MUM
9028,MAG
9027,UPW
9026,UPE
9025,ROTN
9024,RAJ
9023,PUN
9022,MUM
9021,MAG
9020,KER
9019,KAR
9018,JNK
9017,HAR
9016,GUJ
9015,DEL
9014,APR
9013,DEL
9012,UPW
9011,MAG
9010,APR
9009,MPR
9008,KAR
9007,KOL
9006,BHR
9005,UPE
9004,MUM
9003,ROTN
9002,ROB
9001,RAJ
9000,APR
8999,MAG
8998,NA
8997,NA
8996,NA
8995,NA
8994,NA
8993,NA
8992,NA
8991,NA
8990,NA
8989,MPR
8988,HP
8987,BHR
8986,BHR
8985,APR
8984,ORS
8983,MAG
8982,MPR
8981,KOL
8980,GUJ
8979,UPW
8978,APR
8977,APR
8976,MUM
8975,MAG
8974,NE
8973,ROTN
8972,ROB
8971,KAR
8970,KAR
8969,BHR
8968,PUN
8967,ROB
8966,MPR
8965,MPR
8964,MPR
8963,RAJ
8962,MPR
8961,KOL
8960,UPE
8959,MPR
8958,UPW
8957,UPE
8956,MAG
8955,RAJ
8954,UPW
8953,UPE
8952,RAJ
8951,KAR
8950,HAR
8949,RAJ
8948,UPE
8947,RAJ
8946,RAJ
8945,ROB
8944,ROB
8943,KER
8942,ROB
8941,UPW
8940,ROTN
8939,CHN
8938,UPW
8937,UPW
8936,BHR
8935,BHR
8934,UPE
8933,UPE
8932,UPE
8931,UPE
8930,HAR
8929,DEL
8928,MUM
8927,ROB
8926,ROB
8925,ROTN
8924,UPE
8923,UPW
8922,UPE
8921,KER
8920,DEL
8919,APR
8918,ROB
8917,ORS
8916,NA
8915,NA
8914,NA
8913,NA
8912,NA
8911,NA
8910,KOL
8909,UPW
8908,ORS
8907,KER
8906,ROB
8905,RAJ
8904,KAR
8903,ROTN
8902,KOL
8901,HAR
8900,ROB
8899,JNK
8898,MUM
8897,APR
8896,UPE
8895,ORS
8894,HP
8893,KER
8892,KAR
8891,KER
8890,RAJ
8889,MPR
8888,MAG
8887,UPE
8886,APR
8885,APR
8884,KAR
8883,ROTN
8882,DEL
8881,UPW
8880,KAR
8879,MUM
8878,MPR
8877,BHR
8876,ASM
8875,RAJ
8874,UPE
8873,BHR
8872,PUN
8871,MPR
8870,ROTN
8869,UPW
8868,UPW
8867,KAR
8866,GUJ
8865,UPW
8864,BHR
8863,BHR
8862,BHR
8861,KAR
8860,DEL
8859,UPW
8858,UPE
8857,MAG
8856,MAG
8855,MAG
8854,RAJ
8853,UPE
8852,RAJ
8851,DEL
8850,MUM
8849,GUJ
8848,KER
8847,PUN
8846,NA
8845,NA
8844,NA
8843,NA
8842,NA
8841,NA
8840,UPE
8839,MPR
8838,ROTN
8837,NE
8836,NA
8835,NA
8834,NA
8833,NA
8832,NA
8831,NA
8830,MAG
8829,RAJ
8828,MUM
8827,MPR
8826,DEL
8825,ROTN
8824,RAJ
8823,MPR
8822,ASM
8821,MPR
8820,KOL
8819,MPR
8818,MPR
8817,MPR
8816,HAR
8815,MPR
8814,HAR
8813,HAR
8812,ASM
8811,ASM
8810,DEL
8809,BHR
8808,UPE
8807,ROTN
8806,MAG
8805,MAG
8804,BHR
8803,JNK
8802,DEL
8801,APR
8800,DEL
8799,UPE
8798,ROB
8797,BHR
8796,MAG
8795,UPE
8794,NE
8793,MAG
8792,KAR
8791,UPW
8790,APR
8789,BHR
8788,MAG
8787,NE
8786,NA
8785,NA
8784,NA
8783,NA
8782,NA
8781,NA
8780,GUJ
8779,MUM
8778,ROTN
8777,KOL
8776,NA
8775,NA
8774,NA
8773,NA
8772,NA
8771,NA
8770,MPR
8769,RAJ
8768,ROB
8767,MUM
8766,MAG
8765,UPE
8764,RAJ
8763,ORS
8762,KAR
8761,ASM
8760,ROTN
8759,ROB
8758,GUJ
8757,BHR
8756,UPE
8755,UPW
8754,ROTN
8753,ASM
8752,ASM
8751,ASM
8750,DEL
8749,KAR
8748,KAR
8747,KAR
8746,KAR
8745,DEL
8744,DEL
8743,DEL
8742,RAJ
8741,RAJ
8740,RAJ
8739,RAJ
8738,UPE
8737,UPE
8736,UPE
8735,GUJ
8734,GUJ
8733,GUJ
8732,NE
8731,NE
8730,NE
8729,NE
8728,PUN
8727,PUN
8726,UPE
8725,PUN
8724,ASM
8723,ASM
8722,KAR
8721,ASM
8720,MPR
8719,MPR
8718,MPR
8717,MPR
8716,JNK
8715,JNK
8714,KER
8713,JNK
8712,APR
8711,KAR
8710,KAR
8709,BHR
8708,HAR
8707,UPE
8706,NA
8705,NA
8704,NA
8703,NA
8702,NA
8701,NA
8700,DEL
8699,PUN
8698,MAG
8697,KOL
8696,RAJ
8695,ROTN
8694,KAR
8693,MUM
8692,MUM
8691,MUM
8690,RAJ
8689,MUM
8688,APR
8687,UPE
8686,APR
8685,HAR
8684,HAR
8683,HAR
8682,ROTN
8681,ROTN
8680,ROTN
8679,HP
8678,BHR
8677,BHR
8676,BHR
8675,ROTN
8674,BHR
8673,GUJ
8672,GUJ
8671,GUJ
8670,ROB
8669,MAG
8668,MAG
8667,ROTN
8666,NA
8665,NA
8664,NA
8663,NA
8662,NA
8661,NA
8660,KAR
8659,MPR
8658,ORS
8657,MUM
8656,NA
8655,MUM
8654,NA
8653,ROB
8652,MUM
8651,BHR
8650,UPW
8649,NA
8648,KOL
8647,NA
8646,NA
8645,NA
8644,NA
8643,NA
8642,ROB
8641,ROB
8640,ROB
8639,APR
8638,ASM
8637,ROB
8636,NA
8635,NA
8634,NA
8633,NA
8632,NA
8631,NA
8630,UPW
8629,HP
8628,HP
8627,HP
8626,HP
8625,MAG
8624,MAG
8623,MAG
8622,KOL
8621,KOL
8620,KOL
8619,RAJ
8618,KAR
8617,ROB
8616,NA
8615,NA
8614,NA
8613,NA
8612,NA
8611,NA
8610,ROTN
8609,ROB
8608,ROTN
8607,HAR
8606,KER
8605,MAG
8604,UPE
8603,BHR
8602,MPR
8601,UPE
8600,MAG
8599,ORS
8598,ORS
8597,ROB
8596,ORS
8595,DEL
8594,ORS
8593,KER
8592,KER
8591,PUN
8590,KER
8589,KER
8588,DEL
8587,DEL
8586,DEL
8585,DEL
8584,KOL
8583,KOL
8582,BHR
8581,BHR
8580,HP
8579,BHR
8578,BHR
8577,UPE
8576,UPE
8575,NE
8574,UPE
8573,UPE
8572,HAR
8571,HAR
8570,HAR
8569,HAR
8568,PUN
8567,PUN
8566,PUN
8565,UPE
8564,UPE
8563,UPE
8562,RAJ
8561,RAJ
8560,RAJ
8559,RAJ
8558,PUN
8557,PUN
8556,PUN
8555,APR
8554,MAG
8553,KAR
8552,MAG
8551,MAG
8550,MAG
8549,KAR
8548,KAR
8547,KER
8546,KAR
8545,UPE
8544,BHR
8543,UPE
8542,UPE
8541,BHR
8540,BHR
8539,BHR
8538,BHR
8537,ROB
8536,ROB
8535,UPW
8534,UPW
8533,UPW
8532,UPW
8531,ROTN
8530,MAG
8529,RAJ
8528,PUN
8527,DEL
8526,ROTN
8525,ROTN
8524,ROTN
8523,APR
8522,APR
8521,BHR
8520,APR
8519,APR
8518,MPR
8517,MPR
8516,MPR
8515,ROB
8514,ROB
8513,ROB
8512,DEL
8511,GUJ
8510,DEL
8509,ROB
8508,ROTN
8507,BHR
8506,DEL
8505,DEL
8504,RAJ
8503,RAJ
8502,RAJ
8501,APR
8500,APR
8499,APR
8498,APR
8497,KAR
8496,KAR
8495,KAR
8494,KAR
8493,JNK
8492,JNK
8491,JNK
8490,GUJ
8489,ROTN
8488,GUJ
8487,GUJ
8486,ASM
8485,MAG
8484,MAG
8483,MAG
8482,MAG
8481,KOL
8480,ORS
8479,KOL
8478,KOL
8477,UPW
8476,UPW
8475,UPW
8474,ASM
8473,ASM
8472,ASM
8471,ASM
8470,DEL
8469,GUJ
8468,DEL
8467,DEL
8466,APR
8465,APR
8464,APR
8463,MPR
8462,MPR
8461,MPR
8460,GUJ
8459,MAG
8458,MPR
8457,ORS
8456,ORS
8455,ORS
8454,MUM
8453,KAR
8452,MUM
8451,MUM
8450,MUM
8449,UPW
8448,DEL
8447,DEL
8446,MAG
8445,UPW
8444,KOL
8443,KOL
8442,RAJ
8441,RAJ
8440,RAJ
8439,UPW
8438,ROTN
8437,PUN
8436,ROB
8435,MPR
8434,BHR
8433,UPW
8432,RAJ
8431,KAR
8430,UPW
8429,UPE
8428,ROTN
8427,PUN
8426,RAJ
8425,MUM
8424,MUM
8423,UPE
8422,MUM
8421,MAG
8420,KOL
8419,MUM
8418,UPE
8417,UPE
8416,UPE
8415,NE
8414,NE
8413,NE
8412,MAG
8411,MAG
8410,UPW
8409,BHR
8408,MAG
8407,BHR
8406,BHR
8405,BHR
8404,BHR
8403,ASM
8402,ASM
8401,GUJ
8400,UPE
8399,ASM
8398,HAR
8397,HAR
8396,HAR
8395,UPW
8394,UPW
8393,UPW
8392,UPW
8391,ROB
8390,MAG
8389,ROB
8388,ROB
8387,RAJ
8386,RAJ
8385,RAJ
8384,DEL
8383,DEL
8382,UPE
8381,MAG
8380,MAG
8379,MAG
8378,MAG
8377,DEL
8376,DEL
8375,DEL
8374,APR
8373,DEL
8372,ROB
8371,ROB
8370,MPR
8369,MUM
8368,DEL
8367,APR
8366,NA
8365,NA
8364,NA
8363,NA
8362,NA
8361,NA
8360,PUN
8359,MPR
8358,MPR
8357,MPR
8356,MUM
8355,MUM
8354,UPE
8353,UPE
8352,HP
8351,HP
8350,HP
8349,MPR
8348,ROB
8347,GUJ
8346,ROB
8345,ROB
8344,ROTN
8343,ROB
8342,ORS
8341,APR
8340,BHR
8339,ORS
8338,ORS
8337,KOL
8336,KOL
8335,KOL
8334,KOL
8333,APR
8332,APR
8331,APR
8330,APR
8329,MAG
8328,APR
8327,ORS
8326,NA
8325,NA
8324,NA
8323,NA
8322,NA
8321,NA
8320,GUJ
8319,MPR
8318,UPE
8317,APR
8316,NA
8315,NA
8314,NA
8313,NA
8312,NA
8311,NA
8310,KAR
8309,APR
8308,MAG
8307,HAR
8306,RAJ
8305,MPR
8304,KER
8303,UPE
8302,RAJ
8301,KER
8300,ROTN
8299,UPE
8298,BHR
8297,APR
8296,KAR
8295,HAR
8294,BHR
8293,ROB
8292,BHR
8291,MUM
8290,RAJ
8289,PUN
8288,PUN
8287,DEL
8286,MUM
8285,DEL
8284,PUN
8283,PUN
8282,KOL
8281,KER
8280,ORS
8279,RAJ
8278,RAJ
8277,KAR
8276,KOL
8275,MAG
8274,KOL
8273,UPW
8272,UPW
8271,BHR
8270,ROTN
8269,MPR
8268,MUM
8267,UPW
8266,UPW
8265,UPW
8264,PUN
8263,HP
8262,HP
8261,HP
8260,ORS
8259,NE
8258,NE
8257,NE
8256,NE
8255,NA
8254,ASM
8253,MPR
8252,BHR
8251,MPR
8250,ROB
8249,ORS
8248,ROTN
8247,APR
8246,NA
8245,NA
8244,NA
8243,NA
8242,NA
8241,NA
8240,KOL
8239,RAJ
8238,GUJ
8237,MAG
8236,MPR
8235,BHR
8234,MPR
8233,RAJ
8232,KOL
8231,KOL
8230,KOL
8229,BHR
8228,BHR
8227,BHR
8226,BHR
8225,MPR
8224,MPR
8223,MPR
8222,HAR
8221,HAR
8220,ROTN
8219,HP
8218,UPW
8217,KAR
8216,NA
8215,NA
8214,NA
8213,NA
8212,NA
8211,NA
8210,BHR
8209,RAJ
8208,MAG
8207,BHR
8206,NA
8205,NA
8204,NA
8203,NA
8202,NA
8201,NA
8200,GUJ
8199,HAR
8198,PUN
8197,KAR
8196,PUN
8195,PUN
8194,PUN
8193,UPW
8192,UPW
8191,UPW
8190,ROTN
8189,ROTN
8188,UPE
8187,APR
8186,APR
8185,APR
8184,APR
8183,KAR
8182,UPE
8181,UPE
8180,MAG
8179,APR
8178,DEL
8177,MAG
8176,UPE
8175,UPE
8174,UPE
8173,UPE
8172,UPE
8171,UPW
8170,ROB
8169,MUM
8168,HAR
8167,ROB
8166,NA
8165,NA
8164,NA
8163,NA
8162,NA
8161,NA
8160,GUJ
8159,ROB
8158,ROB
8157,KER
8156,KER
8155,GUJ
8154,GUJ
8153,GUJ
8152,KAR
8151,KAR
8150,KAR
8149,MAG
8148,ROTN
8147,KAR
8146,PUN
8145,ROB
8144,ORS
8143,APR
8142,APR
8141,GUJ
8140,GUJ
8139,KER
8138,KER
8137,KER
8136,KER
8135,ASM
8134,ASM
8133,ASM
8132,NE
8131,NE
8130,DEL
8129,KER
8128,GUJ
8127,UPE
8126,UPW
8125,APR
8124,ROTN
8123,KAR
8122,ROTN
8121,APR
8120,MPR
8119,NE
8118,RAJ
8117,ORS
8116,ROB
8115,UPE
8114,ORS
8113,KER
8112,RAJ
8111,KER
8110,ROTN
8109,MPR
8108,MUM
8107,RAJ
8106,APR
8105,KAR
8104,MUM
8103,MPR
8102,BHR
8101,ROB
8100,KOL
8099,APR
8098,ROTN
8097,MUM
8096,APR
8095,KAR
8094,RAJ
8093,ORS
8092,BHR
8091,HP
8090,UPE
8089,KER
8088,KAR
8087,MAG
8086,KER
8085,MPR
8084,BHR
8083,BHR
8082,MUM
8081,UPE
8080,MUM
8079,RAJ
8078,RAJ
8077,UPW
8076,DEL
8075,KER
8074,APR
8073,KAR
8072,ROTN
8071,NA
8070,MUM
8069,NA
8068,NA
8067,NA
8066,NA
8065,NA
8064,NA
8063,NA
8062,NA
8061,NA
8060,NA
8059,HAR
8058,RAJ
8057,UPW
8056,ROTN
8055,MAG
8054,PUN
8053,HAR
8052,UPE
8051,BHR
8050,KAR
8049,NA
8048,NA
8047,NA
8046,NA
8045,NA
8044,NA
8043,NA
8042,NA
8041,NA
8040,NA
8039,NA
8038,NA
8037,NA
8036,NA
8035,NA
8034,NA
8033,NA
8032,NA
8031,NA
8030,NA
8029,NA
8028,NA
8027,NA
8026,NA
8025,NA
8024,NA
8023,NA
8022,NA
8021,NA
8020,NA
8019,APR
8018,ORS
8017,KOL
8016,ROB
8015,ROTN
8014,NE
8013,KOL
8012,ROTN
8011,ASM
8010,DEL
8009,UPE
8008,APR
8007,MAG
8006,UPW
8005,RAJ
8004,UPE
8003,RAJ
8002,BHR
8001,ROB
8000,GUJ
7999,MPR
7998,KOL
7997,APR
7996,KAR
7995,APR
7994,KER
7993,APR
7992,BHR
7991,UPE
7990,GUJ
7989,APR
7988,HAR
7987,MPR
7986,PUN
7985,UPE
7984,GUJ
7983,UPW
7982,DEL
7981,APR
7980,KOL
7979,BHR
7978,ORS
7977,MUM
7976,RAJ
7975,KAR
7974,MPR
7973,PUN
7972,MAG
7971,NA
7970,BHR
7969,NA
7968,NA
7967,NA
7966,NA
7965,NA
7964,NA
7963,NA
7962,NA
7961,NA
7960,NA
7959,NA
7958,NA
7957,NA
7956,NA
7955,NA
7954,NA
7953,NA
7952,NA
7951,NA
7950,NA
7949,NA
7948,NA
7947,NA
7946,NA
7945,NA
7944,NA
7943,NA
7942,NA
7941,NA
7940,NA
7939,NA
7938,NA
7937,NA
7936,NA
7935,NA
7934,NA
7933,NA
7932,NA
7931,NA
7930,NA
7929,NA
7928,NA
7927,NA
7926,NA
7925,NA
7924,NA
7923,NA
7922,NA
7921,NA
7920,NA
7919,NA
7918,NA
7917,NA
7916,NA
7915,NA
7914,NA
7913,NA
7912,NA
7911,NA
7910,NA
7909,BHR
7908,ROB
7907,KER
7906,UPW
7905,UPE
7904,ROTN
7903,BHR
7902,KER
7901,APR
7900,MUM
7899,KAR
7898,MPR
7897,UPE
7896,ASM
7895,UPW
7894,ORS
7893,APR
7892,KAR
7891,RAJ
7890,KOL
7889,JNK
7888,PUN
7887,MAG
7886,NA
7885,NA
7884,NA
7883,NA
7882,NA
7881,UPE
7880,UPE
7879,MPR
7878,GUJ
7877,RAJ
7876,HAR
7875,MAG
7874,GUJ
7873,ORS
7872,ROB
7871,ROTN
7870,BHR
7869,MPR
7868,ROTN
7867,ROTN
7866,ROB
7865,ROB
7864,ROB
7863,DEL
7862,DEL
7861,DEL
7860,UPE
7859,DEL
7858,BHR
7857,BHR
7856,BHR
7855,ORS
7854,NA
7853,ORS
7852,ORS
7851,UPE
7850,UPE
7849,KAR
7848,KAR
7847,KAR
7846,KAR
7845,ROTN
7844,UPE
7843,UPE
7842,APR
7841,MAG
7840,DEL
7839,UPE
7838,DEL
7837,PUN
7836,DEL
7835,DEL
7834,DEL
7833,HP
7832,HP
7831,HP
7830,UPW
7829,KAR
7828,MPR
7827,DEL
7826,CHN
7825,CHN
7824,CHN
7823,RAJ
7822,RAJ
7821,RAJ
7820,RAJ
7819,GUJ
7818,GUJ
7817,GUJ
7816,KAR
7815,KAR
7814,PUN
7813,KAR
7812,ROTN
7811,ROTN
7810,ROTN
7809,ORS
7808,BHR
7807,HP
7806,MPR
7805,MPR
7804,MPR
7803,MPR
7802,GUJ
7801,GUJ
7800,UPE
7799,APR
7798,MAG
7797,ROB
7796,MAG
7795,KAR
7794,APR
7793,RAJ
7792,RAJ
7791,RAJ
7790,RAJ
7789,ORS
7788,ORS
7787,ORS
7786,UPE
7785,UPE
7784,UPE
7783,BHR
7782,BHR
7781,BHR
7780,APR
7779,BHR
7778,GUJ
7777,MUM
7776,MAG
7775,MAG
7774,MAG
7773,MPR
7772,MPR
7771,MPR
7770,MPR
7769,MAG
7768,MAG
7767,MAG
7766,BHR
7765,BHR
7764,BHR
7763,BHR
7762,BHR
7761,BHR
7760,KAR
7759,BHR
7758,MAG
7757,MAG
7756,MAG
7755,MAG
7754,UPE
7753,UPE
7752,UPE
7751,ORS
7750,ORS
7749,ORS
7748,MPR
7747,MPR
7746,MPR
7745,MAG
7744,MAG
7743,MAG
7742,RAJ
7741,MAG
7740,RAJ
7739,BHR
7738,MUM
7737,RAJ
7736,KER
7735,ORS
7734,RAJ
7733,RAJ
7732,RAJ
7731,APR
7730,APR
7729,APR
7728,RAJ
7727,RAJ
7726,RAJ
7725,RAJ
7724,MPR
7723,MPR
7722,MAG
7721,MAG
7720,MAG
7719,MAG
7718,MUM
7717,BHR
7716,NA
7715,MUM
7714,NA
7713,NA
7712,NA
7711,NA
7710,MUM
7709,MAG
7708,ROTN
7707,BHR
7706,UPE
7705,UPE
7704,UPE
7703,DEL
7702,APR
7701,DEL
7700,MUM
7699,ROB
7698,GUJ
7697,MPR
7696,PUN
7695,ROTN
7694,MPR
7693,MPR
7692,MPR
7691,RAJ
7690,RAJ
7689,RAJ
7688,RAJ
7687,KOL
7686,KOL
7685,KOL
7684,ORS
7683,DEL
7682,ORS
7681,ORS
7680,APR
7679,ROB
7678,DEL
7677,BHR
7676,KAR
7675,APR
7674,APR
7673,APR
7672,BHR
7671,APR
7670,APR
7669,UPW
7668,UPE
7667,BHR
7666,MUM
7665,RAJ
7664,ASM
7663,ASM
7662,ASM
7661,APR
7660,APR
7659,APR
7658,APR
7657,PUN
7656,ORS
7655,ORS
7654,BHR
7653,ORS
7652,UPE
7651,UPE
7650,HP
7649,MPR
7648,MPR
7647,MPR
7646,BHR
7645,BHR
7644,BHR
7643,BHR
7642,NE
7641,NE
7640,NE
7639,ROTN
7638,ASM
7637,ASM
7636,ASM
7635,ASM
7634,BHR
7633,BHR
7632,BHR
7631,BHR
7630,NE
7629,NE
7628,NE
7627,RAJ
7626,PUN
7625,KAR
7624,KAR
7623,GUJ
7622,GUJ
7621,GUJ
7620,MAG
7619,KAR
7618,UPE
7617,UPE
7616,NA
7615,RAJ
7614,NA
7613,NA
7612,NA
7611,RAJ
7610,MPR
7609,ORS
7608,ORS
7607,UPE
7606,ORS
7605,KOL
7604,KOL
7603,KOL
7602,ROB
7601,ROTN
7600,GUJ
7599,UPW
7598,ROTN
7597,RAJ
7596,KOL
7595,KOL
7594,KER
7593,KER
7592,KER
7591,KER
7590,HP
7589,PUN
7588,MAG
7587,MPR
7586,ROB
7585,ROB
7584,ROB
7583,MPR
7582,MPR
7581,MPR
7580,MPR
7579,UPW
7578,ASM
7577,ASM
7576,ASM
7575,GUJ
7574,GUJ
7573,GUJ
7572,GUJ
7571,UPE
7570,UPE
7569,APR
7568,RAJ
7567,GUJ
7566,MPR
7565,UPE
7564,BHR
7563,BHR
7562,BHR
7561,BHR
7560,KER
7559,MAG
7558,MAG
7557,DEL
7556,NA
7555,NA
7554,NA
7553,NA
7552,NA
7551,ROB
7550,ROTN
7549,BHR
7548,ROTN
7547,BHR
7546,BHR
7545,BHR
7544,BHR
7543,BHR
7542,BHR
7541,BHR
7540,ROTN
7539,ROTN
7538,ROTN
7537,ORS
7536,UPW
7535,UPW
7534,UPW
7533,UPW
7532,DEL
7531,DEL
7530,DEL
7529,DEL
7528,PUN
7527,PUN
7526,UPE
7525,UPE
7524,UPE
7523,UPE
7522,UPE
7521,UPE
7520,UPW
7519,BHR
7518,UPE
7517,MAG
7516,NA
7515,NA
7514,NA
7513,NA
7512,NA
7511,KER
7510,KER
7509,MPR
7508,PUN
7507,MAG
7506,MUM
7505,UPW
7504,ORS
7503,DEL
7502,ROTN
7501,ROB
7500,UPW
7499,MAG
7498,MAG
7497,HAR
7496,HAR
7495,HAR
7494,HAR
7493,BHR
7492,BHR
7491,BHR
7490,GUJ
7489,MPR
7488,BHR
7487,GUJ
7486,GUJ
7485,BHR
7484,BHR
7483,KAR
7482,BHR
7481,BHR
7480,BHR
7479,BHR
7478,ROB
7477,ROB
7476,NA
7475,NA
7474,NA
7473,NA
7472,NA
7471,MPR
7470,MPR
7469,ROB
7468,ROB
7467,UPW
7466,UPW
7465,UPW
7464,BHR
7463,BHR
7462,BHR
7461,BHR
7460,UPE
7459,UPE
7458,UPE
7457,UPW
7456,UPW
7455,UPW
7454,UPW
7453,UPW
7452,UPW
7451,UPW
7450,KOL
7449,KOL
7448,ROTN
7447,MAG
7446,NA
7445,NA
7444,NA
7443,NA
7442,NA
7441,MPR
7440,MPR
7439,KOL
7438,ORS
7437,ORS
7436,GUJ
7435,GUJ
7434,GUJ
7433,GUJ
7432,ROB
7431,ROB
7430,ROB
7429,ASM
7428,DEL
7427,RAJ
7426,RAJ
7425,RAJ
7424,RAJ
7423,NA
7422,NA
7421,NA
7420,MAG
7419,HAR
7418,ROTN
7417,UPW
7416,APR
7415,MPR
7414,RAJ
7413,RAJ
7412,RAJ
7411,KAR
7410,MAG
7409,UPW
7408,UPE
7407,ROB
7406,KAR
7405,GUJ
7404,HAR
7403,KER
7402,ROTN
7401,ROTN
7400,MUM
7399,ASM
7398,UPE
7397,ROTN
7396,APR
7395,ROTN
7394,UPE
7393,UPE
7392,UPE
7391,MAG
7390,UPE
7389,MPR
7388,UPE
7387,MAG
7386,APR
7385,MAG
7384,ROB
7383,GUJ
7382,APR
7381,ORS
7380,UPE
7379,UPE
7378,MAG
7377,ORS
7376,UPE
7375,RAJ
7374,RAJ
7373,ROTN
7372,BHR
7371,BHR
7370,BHR
7369,BHR
7368,BHR
7367,BHR
7366,BHR
7365,ROB
7364,ROB
7363,ROB
7362,BHR
7361,BHR
7360,BHR
7359,GUJ
7358,ROTN
7357,RAJ
7356,KER
7355,UPE
7354,MPR
7353,KAR
7352,BHR
7351,UPW
7350,MAG
7349,KAR
7348,KAR
7347,PUN
7346,NA
7345,NA
7344,NA
7343,NA
7342,NA
7341,PUN
7340,RAJ
7339,ROTN
7338,KAR
7337,APR
7336,NA
7335,NA
7334,NA
7333,NA
7332,NA
7331,APR
7330,APR
7329,APR
7328,ORS
7327,ORS
7326,ORS
7325,BHR
7324,BHR
7323,BHR
7322,BHR
7321,BHR
7320,BHR
7319,BHR
7318,UPE
7317,UPE
7316,NA
7315,NA
7314,NA
7313,NA
7312,NA
7311,UPE
7310,UPW
7309,UPE
7308,NE
7307,PUN
7306,KER
7305,ROTN
7304,MUM
7303,DEL
7302,UPW
7301,BHR
7300,RAJ
7299,ROTN
7298,JNK
7297,RAJ
7296,RAJ
7295,BHR
7294,BHR
7293,KER
7292,BHR
7291,DEL
7290,DEL
7289,DEL
7288,APR
7287,APR
7286,APR
7285,GUJ
7284,GUJ
7283,BHR
7282,BHR
7281,BHR
7280,BHR
7279,BHR
7278,KOL
7277,BHR
7276,MAG
7275,UPE
7274,BHR
7273,BHR
7272,BHR
7271,UPE
7270,UPE
7269,UPE
7268,UPE
7267,UPE
7266,UPE
7265,GUJ
7264,MAG
7263,MAG
7262,MAG
7261,BHR
7260,BHR
7259,KAR
7258,BHR
7257,BHR
7256,BHR
7255,BHR
7254,BHR
7253,UPW
7252,UPW
7251,UPW
7250,BHR
7249,MAG
7248,UPW
7247,MPR
7246,NA
7245,NA
7244,NA
7243,NA
7242,NA
7241,MPR
7240,RAJ
7239,RAJ
7238,UPE
7237,UPE
7236,UPE
7235,UPE
7234,UPE
7233,UPE
7232,RAJ
7231,RAJ
7230,RAJ
7229,RAJ
7228,GUJ
7227,GUJ
7226,GUJ
7225,MPR
7224,MPR
7223,MPR
7222,MPR
7221,RAJ
7220,RAJ
7219,MAG
7218,MAG
7217,DEL
7216,NA
7215,NA
7214,NA
7213,NA
7212,NA
7211,GUJ
7210,DEL
7209,BHR
7208,MUM
7207,APR
7206,HAR
7205,ORS
7204,KAR
7203,GUJ
7202,GUJ
7201,GUJ
7200,ROTN
7199,NA
7198,NA
7197,NA
7196,NA
7195,APR
7194,ORS
7193,UPW
7192,ASM
7191,UPE
7190,MPR
7189,NA
7188,APR
7187,NA
7186,NA
7185,NA
7184,NA
7183,NA
7182,NA
7181,NA
7180,NA
7179,NA
7178,NA
7177,NA
7176,NA
7175,NA
7174,NA
7173,NA
7172,NA
7171,NA
7170,NA
7169,NA
7168,NA
7167,NA
7166,NA
7165,NA
7164,NA
7163,KAR
7162,NA
7161,NA
7160,NA
7159,BHR
7158,NA
7157,NA
7156,NA
7155,NA
7154,NA
7153,NA
7152,NA
7151,NA
7150,NA
7149,NA
7148,NA
7147,NA
7146,NA
7145,NA
7144,NA
7143,NA
7142,NA
7141,NA
7140,ROB
7139,NA
7138,NA
7137,NA
7136,NA
7135,NA
7134,NA
7133,NA
7132,NA
7131,NA
7130,ORS
7129,NA
7128,NA
7127,NA
7126,NA
7125,NA
7124,NA
7123,NA
7122,NA
7121,NA
7120,NA
7119,GUJ
7118,NA
7117,MAG
7116,NA
7115,NA
7114,NA
7113,NA
7112,NA
7111,MAG
7110,RAJ
7109,NA
7108,GUJ
7107,MPR
7106,NA
7105,NA
7104,NA
7103,NA
7102,NA
7101,UPW
7100,NA
7099,ASM
7098,ROB
7097,APR
7096,GUJ
7095,APR
7094,ROTN
7093,APR
7092,ROTN
7091,BHR
7090,KAR
7089,MPR
7088,UPW
7087,PUN
7086,ASM
7085,NE
7084,UPE
7083,MAG
7082,HAR
7081,UPE
7080,UPE
7079,BHR
7078,UPW
7077,ORS
7076,ROB
7075,APR
7074,ROB
7073,RAJ
7072,GUJ
7071,UPE
7070,BHR
7069,GUJ
7068,UPE
7067,MPR
7066,MAG
7065,DEL
7064,ORS
7063,ROB
7062,RAJ
7061,BHR
7060,UPW
7059,KOL
7058,MAG
7057,MAG
7056,HAR
7055,UPW
7054,UPE
7053,DEL
7052,UPE
7051,JNK
7050,BHR
7049,MPR
7048,GUJ
7047,ROB
7046,GUJ
7045,MUM
7044,KOL
7043,GUJ
7042,DEL
7041,GUJ
7040,MAG
7039,MUM
7038,MAG
7037,UPW
7036,APR
7035,ASM
7034,KER
7033,BHR
7032,APR
7031,ROB
7030,MAG
7029,ROB
7028,MAG
7027,HAR
7026,KAR
7025,KER
7024,MPR
7023,RAJ
7022,KAR
7021,MUM
7020,MAG
7019,KAR
7018,HP
7017,UPW
7016,GUJ
7015,HAR
7014,RAJ
7013,APR
7012,KER
7011,DEL
7010,ROTN
7009,PUN
7008,ORS
7007,UPE
7006,JNK
7005,NE
7004,BHR
7003,KOL
7002,ASM
7001,ROB
7000,MPR
6999,NA
6998,NA
6997,NA
6996,NA
6995,NA
6994,NA
6993,NA
6992,NA
6991,NA
6990,NA
6989,NA
6988,NA
6987,NA
6986,NA
6985,NA
6984,NA
6983,NA
6982,NA
6981,NA
6980,NA
6979,NA
6978,NA
6977,NA
6976,NA
6975,NA
6974,NA
6973,NA
6972,NA
6971,NA
6970,NA
6969,NA
6968,NA
6967,NA
6966,NA
6965,NA
6964,NA
6963,NA
6962,NA
6961,NA
6960,NA
6959,NA
6958,NA
6957,NA
6956,NA
6955,NA
6954,NA
6953,NA
6952,NA
6951,NA
6950,NA
6949,NA
6948,NA
6947,NA
6946,NA
6945,NA
6944,NA
6943,NA
6942,NA
6941,NA
6940,NA
6939,NA
6938,NA
6937,NA
6936,NA
6935,NA
6934,NA
6933,NA
6932,NA
6931,NA
6930,NA
6929,NA
6928,NA
6927,NA
6926,NA
6925,NA
6924,NA
6923,NA
6922,NA
6921,NA
6920,NA
6919,NA
6918,NA
6917,NA
6916,NA
6915,NA
6914,NA
6913,NA
6912,NA
6911,NA
6910,NA
6909,NE
6908,NA
6907,NA
6906,NA
6905,NA
6904,NA
6903,NA
6902,NA
6901,ASM
6900,ASM
6899,NA
6898,NA
6897,NA
6896,NA
6895,NA
6894,NA
6893,NA
6892,NA
6891,NA
6890,NA
6889,NA
6888,NA
6887,NA
6886,NA
6885,NA
6884,NA
6883,NA
6882,NA
6881,NA
6880,NA
6879,NA
6878,NA
6877,NA
6876,NA
6875,NA
6874,NA
6873,NA
6872,NA
6871,NA
6870,NA
6869,NA
6868,NA
6867,NA
6866,NA
6865,NA
6864,NA
6863,NA
6862,NA
6861,NA
6860,NA
6859,NA
6858,NA
6857,NA
6856,NA
6855,NA
6854,NA
6853,NA
6852,NA
6851,NA
6850,NA
6849,NA
6848,NA
6847,NA
6846,NA
6845,NA
6844,NA
6843,NA
6842,NA
6841,NA
6840,NA
6839,NA
6838,NA
6837,NA
6836,NA
6835,NA
6834,NA
6833,NA
6832,NA
6831,NA
6830,NA
6829,NA
6828,NA
6827,NA
6826,NA
6825,NA
6824,NA
6823,NA
6822,NA
6821,NA
6820,NA
6819,NA
6818,NA
6817,NA
6816,NA
6815,NA
6814,NA
6813,NA
6812,NA
6811,NA
6810,NA
6809,NA
6808,NA
6807,NA
6806,NA
6805,NA
6804,NA
6803,NA
6802,NA
6801,NA
6800,NA
6799,NA
6798,NA
6797,NA
6796,NA
6795,NA
6794,NA
6793,NA
6792,NA
6791,NA
6790,NA
6789,NA
6788,NA
6787,NA
6786,NA
6785,NA
6784,NA
6783,NA
6782,NA
6781,NA
6780,NA
6779,NA
6778,NA
6777,NA
6776,NA
6775,NA
6774,NA
6773,NA
6772,NA
6771,NA
6770,NA
6769,NA
6768,NA
6767,NA
6766,NA
6765,NA
6764,NA
6763,NA
6762,NA
6761,NA
6760,NA
6759,NA
6758,NA
6757,NA
6756,NA
6755,NA
6754,NA
6753,NA
6752,NA
6751,NA
6750,NA
6749,NA
6748,NA
6747,NA
6746,NA
6745,NA
6744,NA
6743,NA
6742,NA
6741,NA
6740,NA
6739,NA
6738,NA
6737,NA
6736,NA
6735,NA
6734,NA
6733,NA
6732,NA
6731,NA
6730,NA
6729,NA
6728,NA
6727,NA
6726,NA
6725,NA
6724,NA
6723,NA
6722,NA
6721,NA
6720,NA
6719,NA
6718,NA
6717,NA
6716,NA
6715,NA
6714,NA
6713,NA
6712,NA
6711,NA
6710,NA
6709,NA
6708,NA
6707,NA
6706,NA
6705,NA
6704,NA
6703,NA
6702,NA
6701,NA
6700,NA
6699,NA
6698,NA
6697,NA
6696,NA
6695,NA
6694,NA
6693,NA
6692,NA
6691,NA
6690,NA
6689,NA
6688,NA
6687,NA
6686,NA
6685,NA
6684,NA
6683,NA
6682,NA
6681,NA
6680,NA
6679,NA
6678,NA
6677,NA
6676,NA
6675,NA
6674,NA
6673,NA
6672,NA
6671,NA
6670,NA
6669,NA
6668,NA
6667,NA
6666,NA
6665,NA
6664,NA
6663,NA
6662,NA
6661,NA
6660,NA
6659,NA
6658,NA
6657,NA
6656,NA
6655,NA
6654,NA
6653,NA
6652,NA
6651,NA
6650,NA
6649,NA
6648,NA
6647,NA
6646,NA
6645,NA
6644,NA
6643,NA
6642,NA
6641,NA
6640,NA
6639,NA
6638,NA
6637,NA
6636,NA
6635,NA
6634,NA
6633,NA
6632,NA
6631,NA
6630,NA
6629,NA
6628,NA
6627,NA
6626,NA
6625,NA
6624,NA
6623,NA
6622,NA
6621,NA
6620,NA
6619,NA
6618,NA
6617,NA
6616,NA
6615,NA
6614,NA
6613,NA
6612,NA
6611,NA
6610,NA
6609,NA
6608,NA
6607,NA
6606,NA
6605,NA
6604,NA
6603,NA
6602,NA
6601,NA
6600,NA
6599,NA
6598,NA
6597,NA
6596,NA
6595,NA
6594,NA
6593,NA
6592,NA
6591,NA
6590,NA
6589,NA
6588,NA
6587,NA
6586,NA
6585,NA
6584,NA
6583,NA
6582,NA
6581,NA
6580,NA
6579,NA
6578,NA
6577,NA
6576,NA
6575,NA
6574,NA
6573,NA
6572,NA
6571,NA
6570,NA
6569,NA
6568,NA
6567,NA
6566,NA
6565,NA
6564,NA
6563,NA
6562,NA
6561,NA
6560,NA
6559,NA
6558,NA
6557,NA
6556,NA
6555,NA
6554,NA
6553,NA
6552,NA
6551,NA
6550,NA
6549,NA
6548,NA
6547,NA
6546,NA
6545,NA
6544,NA
6543,NA
6542,NA
6541,NA
6540,NA
6539,NA
6538,NA
6537,NA
6536,NA
6535,NA
6534,NA
6533,NA
6532,NA
6531,NA
6530,NA
6529,NA
6528,NA
6527,NA
6526,NA
6525,NA
6524,NA
6523,NA
6522,NA
6521,NA
6520,NA
6519,NA
6518,NA
6517,NA
6516,NA
6515,NA
6514,NA
6513,NA
6512,NA
6511,NA
6510,NA
6509,NA
6508,NA
6507,NA
6506,NA
6505,NA
6504,NA
6503,NA
6502,NA
6501,NA
6500,NA
6499,NA
6498,NA
6497,NA
6496,NA
6495,NA
6494,NA
6493,NA
6492,NA
6491,NA
6490,NA
6489,NA
6488,NA
6487,NA
6486,NA
6485,NA
6484,NA
6483,NA
6482,NA
6481,NA
6480,NA
6479,NA
6478,NA
6477,NA
6476,NA
6475,NA
6474,NA
6473,NA
6472,NA
6471,NA
6470,NA
6469,NA
6468,NA
6467,NA
6466,NA
6465,NA
6464,NA
6463,NA
6462,NA
6461,NA
6460,NA
6459,NA
6458,NA
6457,NA
6456,NA
6455,NA
6454,NA
6453,NA
6452,NA
6451,NA
6450,NA
6449,NA
6448,NA
6447,NA
6446,NA
6445,NA
6444,NA
6443,NA
6442,NA
6441,NA
6440,NA
6439,NA
6438,NA
6437,NA
6436,NA
6435,NA
6434,NA
6433,NA
6432,NA
6431,NA
6430,NA
6429,NA
6428,NA
6427,NA
6426,NA
6425,NA
6424,NA
6423,NA
6422,NA
6421,NA
6420,NA
6419,NA
6418,NA
6417,NA
6416,NA
6415,NA
6414,NA
6413,NA
6412,NA
6411,NA
6410,NA
6409,NA
6408,NA
6407,NA
6406,NA
6405,NA
6404,NA
6403,NA
6402,NA
6401,NA
6400,NA
6399,UPW
6398,UPW
6397,UPW
6396,UPW
6395,UPW
6394,UPE
6393,UPE
6392,UPE
6391,UPE
6390,UPE
6389,UPE
6388,UPE
6387,UPE
6386,UPE
6385,ROTN
6384,ROTN
6383,ROTN
6382,ROTN
6381,ROTN
6380,ROTN
6379,ROTN
6378,RAJ
6377,RAJ
6376,RAJ
6375,RAJ
6374,ROTN
6373,NA
6372,ORS
6371,ORS
6370,ORS
6369,ROTN
6368,NA
6367,RAJ
6366,KAR
6365,NA
6364,KAR
6363,KAR
6362,KAR
6361,KAR
6360,KAR
6359,GUJ
6358,GUJ
6357,GUJ
6356,GUJ
6355,GUJ
6354,GUJ
6353,GUJ
6352,GUJ
6351,GUJ
6350,RAJ
6349,NA
6348,NA
6347,NA
6346,NA
6345,NA
6344,NA
6343,NA
6342,NA
6341,NA
6340,NA
6339,NA
6338,NA
6337,NA
6336,NA
6335,NA
6334,NA
6333,NA
6332,NA
6331,NA
6330,NA
6329,NA
6328,NA
6327,NA
6326,NA
6325,NA
6324,NA
6323,NA
6322,NA
6321,NA
6320,NA
6319,NA
6318,NA
6317,NA
6316,NA
6315,NA
6314,NA
6313,NA
6312,NA
6311,NA
6310,NA
6309,APR
6308,NA
6307,UPE
6306,UPE
6305,APR
6304,APR
6303,APR
6302,APR
6301,APR
6300,APR
6299,BHR
6298,NA
6297,ROB
6296,ROB
6295,ROB
6294,ROB
6293,KOL
6292,KOL
6291,KOL
6290,KOL
6289,KOL
6288,NA
6287,BHR
6286,NA
6285,NA
6284,PUN
6283,PUN
6282,KER
6281,APR
6280,PUN
6279,NA
6278,NA
6277,NA
6276,NA
6275,NA
6274,NA
6273,NA
6272,NA
6271,NA
6270,NA
6269,MPR
6268,MPR
6267,MPR
6266,MPR
6265,MPR
6264,MPR
6263,MPR
6262,MPR
6261,MPR
6260,MPR
6259,NA
6258,NA
6257,NA
6256,NA
6255,NA
6254,NA
6253,NA
6252,NA
6251,NA
6250,NA
6249,NA
6248,NA
6247,NA
6246,NA
6245,NA
6244,NA
6243,NA
6242,NA
6241,NA
6240,NA
6239,PUN
6238,KER
6237,NA
6236,NA
6235,KER
6234,NA
6233,NA
6232,MPR
6231,NA
6230,HP
6229,NA
6228,NA
6227,NA
6226,NA
6225,NA
6224,NA
6223,NA
6222,NA
6221,NA
6220,NA
6219,NA
6218,NA
6217,NA
6216,NA
6215,NA
6214,NA
6213,NA
6212,NA
6211,NA
6210,NA
6209,BHR
6208,BHR
6207,BHR
6206,BHR
6205,BHR
6204,BHR
6203,BHR
6202,BHR
6201,BHR
6200,BHR
6199,NA
6198,NA
6197,NA
6196,NA
6195,NA
6194,NA
6193,NA
6192,NA
6191,NA
6190,NA
6189,NA
6188,NA
6187,NA
6186,NA
6185,NA
6184,NA
6183,NA
6182,NA
6181,NA
6180,NA
6179,NA
6178,NA
6177,NA
6176,NA
6175,NA
6174,NA
6173,NA
6172,NA
6171,NA
6170,NA
6169,NA
6168,NA
6167,NA
6166,NA
6165,NA
6164,NA
6163,NA
6162,NA
6161,NA
6160,NA
6159,NA
6158,NA
6157,NA
6156,NA
6155,NA
6154,NA
6153,NA
6152,NA
6151,NA
6150,NA
6149,NA
6148,NA
6147,NA
6146,NA
6145,NA
6144,NA
6143,NA
6142,NA
6141,NA
6140,NA
6139,NA
6138,NA
6137,NA
6136,NA
6135,NA
6134,NA
6133,NA
6132,NA
6131,NA
6130,NA
6129,NA
6128,NA
6127,NA
6126,NA
6125,NA
6124,NA
6123,NA
6122,NA
6121,NA
6120,NA
6119,NA
6118,NA
6117,NA
6116,NA
6115,NA
6114,NA
6113,NA
6112,NA
6111,NA
6110,NA
6109,NA
6108,NA
6107,NA
6106,NA
6105,NA
6104,NA
6103,NA
6102,NA
6101,NA
6100,NA
6099,NA
6098,NA
6097,NA
6096,NA
6095,NA
6094,NA
6093,NA
6092,NA
6091,NA
6090,NA
6089,NA
6088,NA
6087,NA
6086,NA
6085,NA
6084,NA
6083,NA
6082,NA
6081,NA
6080,NA
6079,NA
6078,NA
6077,NA
6076,NA
6075,NA
6074,NA
6073,NA
6072,NA
6071,NA
6070,NA
6069,NA
6068,NA
6067,NA
6066,NA
6065,NA
6064,NA
6063,NA
6062,NA
6061,NA
6060,NA
6059,NA
6058,NA
6057,NA
6056,NA
6055,NA
6054,NA
6053,NA
6052,NA
6051,NA
6050,NA
6049,NA
6048,NA
6047,NA
6046,NA
6045,NA
6044,NA
6043,NA
6042,NA
6041,NA
6040,NA
6039,NA
6038,NA
6037,NA
6036,NA
6035,NA
6034,NA
6033,NE
6032,NA
6031,NA
6030,NA
6029,NA
6028,NA
6027,NA
6026,ASM
6025,NA
6024,NA
6023,NA
6022,NA
6021,NA
6020,NA
6019,NA
6018,NA
6017,NA
6016,NA
6015,NA
6014,NA
6013,NA
6012,NA
6011,NA
6010,NA
6009,NE
6008,NA
6007,NA
6006,JNK
6005,JNK
6004,NA
6003,ASM
6002,ASM
6001,ASM
6000,ASM
